{"network":{"id":1,"name":"ln-payment","status":3,"path":"/Users/manumonti/.polar/networks/1","nodes":{"bitcoin":[{"id":0,"networkId":1,"name":"backend1","type":"bitcoin","implementation":"bitcoind","version":"30.0","peers":[],"status":3,"ports":{"rpc":18443,"p2p":19444,"zmqBlock":28334,"zmqTx":29335},"docker":{"image":"","command":""}}],"lightning":[{"id":0,"networkId":1,"name":"alice","type":"lightning","implementation":"LND","version":"0.20.0-beta","status":3,"backendName":"backend1","paths":{"tlsCert":"/Users/manumonti/.polar/networks/1/volumes/lnd/alice/tls.cert","adminMacaroon":"/Users/manumonti/.polar/networks/1/volumes/lnd/alice/data/chain/bitcoin/regtest/admin.macaroon","invoiceMacaroon":"/Users/manumonti/.polar/networks/1/volumes/lnd/alice/data/chain/bitcoin/regtest/invoice.macaroon","readonlyMacaroon":"/Users/manumonti/.polar/networks/1/volumes/lnd/alice/data/chain/bitcoin/regtest/readonly.macaroon"},"ports":{"rest":8081,"grpc":10001,"p2p":9735},"docker":{"image":"","command":""}},{"id":1,"networkId":1,"name":"bob","type":"lightning","implementation":"LND","version":"0.20.0-beta","status":3,"backendName":"backend1","paths":{"tlsCert":"/Users/manumonti/.polar/networks/1/volumes/lnd/bob/tls.cert","adminMacaroon":"/Users/manumonti/.polar/networks/1/volumes/lnd/bob/data/chain/bitcoin/regtest/admin.macaroon","invoiceMacaroon":"/Users/manumonti/.polar/networks/1/volumes/lnd/bob/data/chain/bitcoin/regtest/invoice.macaroon","readonlyMacaroon":"/Users/manumonti/.polar/networks/1/volumes/lnd/bob/data/chain/bitcoin/regtest/readonly.macaroon"},"ports":{"rest":8082,"grpc":10002,"p2p":9736},"docker":{"image":"","command":""}}],"tap":[]},"autoMineMode":0,"manualMineCount":6},"chart":{"offset":{"x":0,"y":0},"nodes":{"backend1":{"id":"backend1","type":"bitcoin","position":{"x":250,"y":400},"ports":{"backend":{"id":"backend","type":"top","position":{"x":100,"y":0}},"peer-left":{"id":"peer-left","type":"left","position":{"x":0,"y":21}},"peer-right":{"id":"peer-right","type":"right","position":{"x":200,"y":21}}},"size":{"width":200,"height":42},"properties":{"status":3,"icon":"./static/media/bitcoin.c9f33461.svg"}},"alice":{"id":"alice","type":"lightning","position":{"x":100,"y":260},"ports":{"empty-left":{"id":"empty-left","type":"left","position":{"x":0,"y":30}},"empty-right":{"id":"empty-right","type":"right","position":{"x":200,"y":18}},"backend":{"id":"backend","type":"bottom","position":{"x":100,"y":59}},"lndbackend":{"id":"lndbackend","type":"top","position":{"x":100,"y":0}},"d18ae2a9a3f4":{"id":"d18ae2a9a3f4","type":"right","properties":{"nodeId":"alice","initiator":false,"hasAssets":false},"position":{"x":200,"y":42}}},"size":{"width":200,"height":59},"properties":{"status":3,"icon":"./static/media/lnd.095d2fef.png"}},"bob":{"id":"bob","type":"lightning","position":{"x":360,"y":260},"ports":{"empty-left":{"id":"empty-left","type":"left","position":{"x":0,"y":18}},"empty-right":{"id":"empty-right","type":"right","position":{"x":200,"y":30}},"backend":{"id":"backend","type":"bottom","position":{"x":100,"y":59}},"lndbackend":{"id":"lndbackend","type":"top","position":{"x":100,"y":0}},"d18ae2a9a3f4":{"id":"d18ae2a9a3f4","type":"left","properties":{"nodeId":"bob","initiator":true,"hasAssets":false},"position":{"x":0,"y":42}}},"size":{"width":200,"height":59},"properties":{"status":3,"icon":"./static/media/lnd.095d2fef.png"}}},"links":{"alice-backend1":{"id":"alice-backend1","from":{"nodeId":"alice","portId":"backend"},"to":{"nodeId":"backend1","portId":"backend"},"properties":{"type":"backend"}},"bob-backend1":{"id":"bob-backend1","from":{"nodeId":"bob","portId":"backend"},"to":{"nodeId":"backend1","portId":"backend"},"properties":{"type":"backend"}},"d18ae2a9a3f4":{"id":"d18ae2a9a3f4","from":{"nodeId":"bob","portId":"d18ae2a9a3f4"},"to":{"nodeId":"alice","portId":"d18ae2a9a3f4"},"properties":{"type":"open-channel","channelPoint":"990aa0ffa2dadf185b97cff1740fbdc7ab8cc08f2ffe868ed02cd18ae2a9a3f4:1","capacity":"10000000","fromBalance":"9996530","toBalance":"0","direction":"rtl","status":"Open","isPrivate":false,"assets":[]}}},"selected":{},"hovered":{},"scale":1}}